"Hour";"Subscriber Operator Name";"Origin Country Name";"Origin Operator Name";"SUM Transactions";"# Successes"
"2016/12/05 09:00:00";"MOVISTAR (PE)";"Brazil";"VIVO (BR)";"1";"1"
"2016/12/05 09:00:00";"MOVISTAR (PE)";"Mexico";"TELEFONICA MOVILES (MX)";"6";"5"
"2016/12/05 09:00:00";"MOVISTAR (PE)";"Singapore (Republic of)";"STARHUB (SG)";"5";"2"
"2016/12/05 09:00:00";"MOVISTAR (PE)";"United States of America";"AT&T MOBILITY (US)";"11";"10"
"2016/12/05 09:00:00";"MOVISTAR (PE)";"China (People's Republic of)";"CHINA MOBILE (CN)";"7";"3"
"2016/12/05 09:00:00";"MOVISTAR (PE)";"Uruguay (Eastern Republic of)";"MOVISTAR (UY)";"20";"6"
"2016/12/05 10:00:00";"MOVISTAR (PE)";"Italy";"TIM (IT)";"1";"1"
"2016/12/05 10:00:00";"MOVISTAR (PE)";"Italy";"VODAFONE (IT)";"20";"3"
"2016/12/05 10:00:00";"MOVISTAR (PE)";"Colombia";"MOVISTAR (CO)";"139";"26"
"2016/12/05 10:00:00";"MOVISTAR (PE)";"Venezuela";"MOVISTAR (VE)";"4";"2"
"2016/12/05 10:00:00";"MOVISTAR (PE)";"India (Republic of)";"BHARTI AIRTEL (Rajasthan) (IN)";"14";"1"
"2016/12/05 09:00:00";"MOVISTAR (PE)";"Italy";"H3G (IT)";"1";"1"
"2016/12/05 09:00:00";"MOVISTAR (PE)";"France";"ORANGE F (FR)";"13";"5"
"2016/12/05 09:00:00";"MOVISTAR (PE)";"Ecuador";"MOVISTAR (EC)";"21";"4"
"2016/12/05 09:00:00";"MOVISTAR (PE)";"Colombia";"MOVISTAR (CO)";"130";"26"
"2016/12/05 09:00:00";"MOVISTAR (PE)";"Roaming HUB";"ROAMING HUB (RH)";"1";"1"
"2016/12/05 09:00:00";"MOVISTAR (PE)";"India (Republic of)";"BHARTI AIRTEL (Rajasthan) (IN)";"30";"1"
"2016/12/05 10:00:00";"MOVISTAR (PE)";"Brazil";"VIVO (BR)";"1";"1"
"2016/12/05 10:00:00";"MOVISTAR (PE)";"Ecuador";"MOVISTAR (EC)";"18";"3"
"2016/12/05 10:00:00";"MOVISTAR (PE)";"Nicaragua";"TELEFONICA DE NICARAGUA (NI)";"4";"1"
"2016/12/05 10:00:00";"MOVISTAR (PE)";"Costa Rica";"MOVISTAR (CR)";"10";"2"
"2016/12/05 10:00:00";"MOVISTAR (PE)";"Panama (Republic of)";"TELEFONICA PANAMA (PA)";"15";"3"
"2016/12/05 10:00:00";"MOVISTAR (PE)";"United States of America";"T-MOBILE (US)";"65";"27"
"2016/12/05 10:00:00";"MOVISTAR (PE)";"China (People's Republic of)";"CHINA MOBILE (CN)";"16";"6"
"2016/12/05 10:00:00";"MOVISTAR (PE)";"Netherlands (Kingdom of the)";"T-MOBILE NL (NL)";"2";"1"
"2016/12/05 10:00:00";"MOVISTAR (PE)";"Switzerland (Confederation of)";"SUNRISE (CH)";"1";"1"
"2016/12/05 09:00:00";"MOVISTAR (PE)";"Spain";"MOVISTAR (ES)";"103";"13"
"2016/12/05 09:00:00";"MOVISTAR (PE)";"Belgium";"PROXIMUS (BE)";"5";"1"
"2016/12/05 09:00:00";"MOVISTAR (PE)";"Nicaragua";"TELEFONICA DE NICARAGUA (NI)";"5";"1"
"2016/12/05 09:00:00";"MOVISTAR (PE)";"Panama (Republic of)";"TELEFONICA PANAMA (PA)";"14";"4"
"2016/12/05 09:00:00";"MOVISTAR (PE)";"Germany (Federal Republic of)";"O2 (DE)";"13";"2"
"2016/12/05 09:00:00";"MOVISTAR (PE)";"Germany (Federal Republic of)";"TELEKOM (DE)";"13";"2"
"2016/12/05 10:00:00";"MOVISTAR (PE)";"Chile";"TELEFONICA (CL)";"5";"4"
"2016/12/05 10:00:00";"MOVISTAR (PE)";"Canada";"BELL MOBILITY (CA)";"1";"1"
"2016/12/05 10:00:00";"MOVISTAR (PE)";"France";"ORANGE F (FR)";"6";"4"
"2016/12/05 10:00:00";"MOVISTAR (PE)";"Mexico";"TELEFONICA MOVILES (MX)";"5";"2"
"2016/12/05 10:00:00";"MOVISTAR (PE)";"Dominican Republic";"ORANGE (DO)";"1";"1"
"2016/12/05 10:00:00";"MOVISTAR (PE)";"Singapore (Republic of)";"STARHUB (SG)";"7";"2"
"2016/12/05 10:00:00";"MOVISTAR (PE)";"United States of America";"AT&T MOBILITY (US)";"26";"16"
"2016/12/05 10:00:00";"MOVISTAR (PE)";"Germany (Federal Republic of)";"O2 (DE)";"3";"2"
"2016/12/05 10:00:00";"MOVISTAR (PE)";"Germany (Federal Republic of)";"TELEKOM (DE)";"11";"2"
"2016/12/05 10:00:00";"MOVISTAR (PE)";"Uruguay (Eastern Republic of)";"MOVISTAR (UY)";"17";"4"
"2016/12/05 10:00:00";"MOVISTAR (PE)";"Switzerland (Confederation of)";"ORANGE (CH)";"2";"1"
"2016/12/05 10:00:00";"MOVISTAR (PE)";"United Kingdom of Great Britain and Northern Ireland";"O2 (GB)";"1";"1"
"2016/12/05 09:00:00";"MOVISTAR (PE)";"Chile";"TELEFONICA (CL)";"6";"6"
"2016/12/05 09:00:00";"MOVISTAR (PE)";"Italy";"VODAFONE (IT)";"6";"3"
"2016/12/05 09:00:00";"MOVISTAR (PE)";"France";"SFR (FR)";"3";"3"
"2016/12/05 09:00:00";"MOVISTAR (PE)";"France";"BOUYGUES TELECOM (FR)";"6";"1"
"2016/12/05 09:00:00";"MOVISTAR (PE)";"Jamaica";"DIGICEL (JM)";"1";"1"
"2016/12/05 09:00:00";"MOVISTAR (PE)";"Portugal";"TMN (PT)";"1";"1"
"2016/12/05 09:00:00";"MOVISTAR (PE)";"Costa Rica";"MOVISTAR (CR)";"9";"2"
"2016/12/05 09:00:00";"MOVISTAR (PE)";"Czech Republic";"O2 (CZ)";"2";"1"
"2016/12/05 09:00:00";"MOVISTAR (PE)";"Argentine Republic";"MOVISTAR (AR)";"5";"5"
"2016/12/05 09:00:00";"MOVISTAR (PE)";"Korea (Republic of)";"SK TELECOM (KR)";"1";"1"
"2016/12/05 09:00:00";"MOVISTAR (PE)";"United Arab Emirates";"ETISALAT (AE)";"1";"1"
"2016/12/05 09:00:00";"MOVISTAR (PE)";"Guatemala (Republic of)";"TELEFONICA GUATEMALA (GT)";"5";"1"
"2016/12/05 09:00:00";"MOVISTAR (PE)";"United States of America";"T-MOBILE (US)";"55";"31"
"2016/12/05 09:00:00";"MOVISTAR (PE)";"United Kingdom of Great Britain and Northern Ireland";"O2 (GB)";"3";"2"
"2016/12/05 10:00:00";"MOVISTAR (PE)";"Japan";"DOCOMO (JP)";"1";"1"
"2016/12/05 10:00:00";"MOVISTAR (PE)";"Spain";"MOVISTAR (ES)";"139";"16"
"2016/12/05 10:00:00";"MOVISTAR (PE)";"Czech Republic";"O2 (CZ)";"9";"1"
"2016/12/05 10:00:00";"MOVISTAR (PE)";"Argentine Republic";"MOVISTAR (AR)";"5";"3"
"2016/12/05 10:00:00";"MOVISTAR (PE)";"Bolivia (Republic of)";"NUEVATEL (BO)";"1";"1"
"2016/12/05 10:00:00";"MOVISTAR (PE)";"Guatemala (Republic of)";"TELEFONICA GUATEMALA (GT)";"5";"1"
