"Hour";"Subscriber Country Name";"Subscriber Operator Name";"Origin Operator Name";"SUM Transactions";"# Successes";"Prefix"
"2016/12/11 17:00:00";"Aruba";"SETAR GSM (AW)";"MOVISTAR (PE)";"6";"3";"36301"
"2016/12/11 17:00:00";"Japan";"KDDI (JP)";"MOVISTAR (PE)";"1";"1";"44050"
"2016/12/11 17:00:00";"Spain";"VODAFONE (ES)";"MOVISTAR (PE)";"25";"18";"21401"
"2016/12/11 17:00:00";"Brazil";"VIVO (BR)";"MOVISTAR (PE)";"265";"124";"72411"
"2016/12/11 17:00:00";"Brazil";"TIM (RIO NORTE) (BR)";"MOVISTAR (PE)";"17";"6";"72402"
"2016/12/11 17:00:00";"Canada";"ROGERS WIRELESS (CA)";"MOVISTAR (PE)";"38";"16";"302370"
"2016/12/11 17:00:00";"Taiwan";"CHUNGHWA TELECOM (TW)";"MOVISTAR (PE)";"1";"1";"46692"
"2016/12/11 17:00:00";"Turkey";"VODAFONE (TR)";"MOVISTAR (PE)";"12";"3";"28602"
"2016/12/11 17:00:00";"Belgium";"MOBISTAR (BE)";"MOVISTAR (PE)";"49";"23";"20610"
"2016/12/11 17:00:00";"Belgium";"PROXIMUS (BE)";"MOVISTAR (PE)";"84";"42";"20601"
"2016/12/11 17:00:00";"Ireland";"VODAFONE (IE)";"MOVISTAR (PE)";"4";"1";"27201"
"2016/12/11 17:00:00";"Colombia";"OLA - TIGO (CO)";"MOVISTAR (PE)";"222";"97";"732111"
"2016/12/11 17:00:00";"Portugal";"TMN (PT)";"MOVISTAR (PE)";"24";"6";"26806"
"2016/12/11 17:00:00";"Costa Rica";"MOVISTAR (CR)";"MOVISTAR (PE)";"47";"3";"71204"
"2016/12/11 17:00:00";"Russian Federation";"VIMPELCOM (RU)";"MOVISTAR (PE)";"45";"11";"25099"
"2016/12/11 17:00:00";"India (Republic of)";"IDEA (KERALA AGRA) (IN)";"MOVISTAR (PE)";"1";"1";"40419"
"2016/12/11 17:00:00";"Guatemala (Republic of)";"TELEFONICA GUATEMALA (GT)";"MOVISTAR (PE)";"28";"5";"70403"
"2016/12/11 17:00:00";"Singapore (Republic of)";"SINGTEL SINGTEL-MOBILELINK (SG)";"MOVISTAR (PE)";"1";"1";"52501"
"2016/12/11 17:00:00";"United States of America";"T-MOBILE (US)";"MOVISTAR (PE)";"6122";"1569";"310260"
"2016/12/11 17:00:00";"United States of America";"AT&T MOBILITY (US)";"MOVISTAR (PE)";"44";"13";"310170"
"2016/12/11 17:00:00";"United States of America";"VERIZON WIRELESS (US)";"MOVISTAR (PE)";"190";"81";"311480"
"2016/12/11 17:00:00";"Netherlands (Kingdom of the)";"TELFORT (NL)";"MOVISTAR (PE)";"4";"4";"20412"
"2016/12/11 17:00:00";"Switzerland (Confederation of)";"ORANGE (CH)";"MOVISTAR (PE)";"24";"8";"22803"
"2016/12/11 17:00:00";"Switzerland (Confederation of)";"SWISSCOM (CH)";"MOVISTAR (PE)";"18";"12";"22801"
"2016/12/11 18:00:00";"Aruba";"SETAR GSM (AW)";"MOVISTAR (PE)";"8";"3";"36301"
"2016/12/11 18:00:00";"Chile";"TELEFONICA (CL)";"MOVISTAR (PE)";"2682";"790";"73002"
"2016/12/11 18:00:00";"Italy";"VODAFONE (IT)";"MOVISTAR (PE)";"48";"20";"22210"
"2016/12/11 18:00:00";"Brazil";"TIM (SAO PAULO) (BR)";"MOVISTAR (PE)";"4";"3";"72403"
"2016/12/11 18:00:00";"Canada";"ROGERS WIRELESS (CA)";"MOVISTAR (PE)";"49";"17";"302370"
"2016/12/11 18:00:00";"France";"ORANGE F (FR)";"MOVISTAR (PE)";"344";"141";"20801"
"2016/12/11 18:00:00";"France";"BOUYGUES TELECOM (FR)";"MOVISTAR (PE)";"11";"10";"20820"
"2016/12/11 18:00:00";"Sweden";"TELENOR (SE)";"MOVISTAR (PE)";"61";"50";"24008"
"2016/12/11 18:00:00";"Taiwan";"CHUNGHWA TELECOM (TW)";"MOVISTAR (PE)";"1";"1";"46692"
"2016/12/11 18:00:00";"Denmark";"TDC MOBIL (DK)";"MOVISTAR (PE)";"2";"1";"23801"
"2016/12/11 18:00:00";"Ecuador";"CONECEL (EC)";"MOVISTAR (PE)";"7";"6";"74001"
"2016/12/11 18:00:00";"Ireland";"O2 (IE)";"MOVISTAR (PE)";"3";"3";"27202"
"2016/12/11 18:00:00";"Ukraine";"ASTELIT (UA)";"MOVISTAR (PE)";"12";"1";"25506"
"2016/12/11 18:00:00";"Colombia";"COMCEL (CO)";"MOVISTAR (PE)";"10";"3";"732101"
"2016/12/11 18:00:00";"New Zealand";"TELECOM (NZ)";"MOVISTAR (PE)";"14";"5";"53005"
"2016/12/11 18:00:00";"Czech Republic";"O2 (CZ)";"MOVISTAR (PE)";"5";"4";"23002"
"2016/12/11 18:00:00";"Czech Republic";"VODAFONE (CZ)";"MOVISTAR (PE)";"27";"5";"23003"
"2016/12/11 18:00:00";"Czech Republic";"RADIOMOBIL T-MOBILE (CZ)";"MOVISTAR (PE)";"2";"2";"23001"
"2016/12/11 18:00:00";"Hongkong, China";"HUTCHISON (HK)";"MOVISTAR (PE)";"2";"1";"45403"
"2016/12/11 18:00:00";"Russian Federation";"MTS (RU)";"MOVISTAR (PE)";"12";"5";"25001"
"2016/12/11 18:00:00";"Russian Federation";"VIMPELCOM (RU)";"MOVISTAR (PE)";"47";"11";"25099"
"2016/12/11 18:00:00";"Poland (Republic of)";"T-MOBILE (PL)";"MOVISTAR (PE)";"4";"3";"26002"
"2016/12/11 18:00:00";"Estonia (Republic of)";"EMT (EE)";"MOVISTAR (PE)";"5";"2";"24801"
"2016/12/11 18:00:00";"Guatemala (Republic of)";"COMCEL - TIGO (GT)";"MOVISTAR (PE)";"2";"1";"70402"
"2016/12/11 18:00:00";"Indonesia (Republic of)";"TELKOMSEL (ID)";"MOVISTAR (PE)";"4";"1";"51010"
"2016/12/11 18:00:00";"Singapore (Republic of)";"SINGTEL SINGTEL-MOBILELINK (SG)";"MOVISTAR (PE)";"4";"4";"52501"
"2016/12/11 18:00:00";"United States of America";"T-MOBILE (US)";"MOVISTAR (PE)";"5811";"1564";"310260"
"2016/12/11 18:00:00";"United States of America";"VERIZON WIRELESS (US)";"MOVISTAR (PE)";"215";"84";"311480"
"2016/12/11 18:00:00";"Netherlands (Kingdom of the)";"KPN (NL)";"MOVISTAR (PE)";"20";"14";"20408"
"2016/12/11 18:00:00";"Netherlands (Kingdom of the)";"T-MOBILE NL (NL)";"MOVISTAR (PE)";"42";"15";"20416"
"2016/12/11 18:00:00";"Switzerland (Confederation of)";"ORANGE (CH)";"MOVISTAR (PE)";"11";"5";"22803"
"2016/12/11 18:00:00";"Switzerland (Confederation of)";"SWISSCOM (CH)";"MOVISTAR (PE)";"25";"15";"22801"
"2016/12/11 17:00:00";"Brazil";"TIM (SAO PAULO) (BR)";"MOVISTAR (PE)";"8";"6";"72403"
"2016/12/11 17:00:00";"Brazil";"TIM (CENTRO SUL) (BR)";"MOVISTAR (PE)";"13";"2";"72404"
"2016/12/11 17:00:00";"Canada";"TELUS (CA)";"MOVISTAR (PE)";"115";"20";"302220"
"2016/12/11 17:00:00";"Canada";"BELL MOBILITY (CA)";"MOVISTAR (PE)";"26";"14";"302610"
"2016/12/11 17:00:00";"Canada";"ROGERS WIRELESS (CA)";"MOVISTAR (PE)";"23";"15";"302720"
"2016/12/11 17:00:00";"Canada";"SASKATCHEWAN TELECOMMUNICATIONS (CA)";"MOVISTAR (PE)";"3";"2";"302780"
"2016/12/11 17:00:00";"France";"BOUYGUES TELECOM (FR)";"MOVISTAR (PE)";"23";"16";"20820"
"2016/12/11 17:00:00";"Mexico";"NEXTEL (MX)";"MOVISTAR (PE)";"4";"2";"33409"
"2016/12/11 17:00:00";"Mexico";"TELEFONICA MOVILES (MX)";"MOVISTAR (PE)";"238";"52";"334030"
"2016/12/11 17:00:00";"Norway";"TELENOR (NO)";"MOVISTAR (PE)";"2";"2";"24201"
"2016/12/11 17:00:00";"Denmark";"TDC MOBIL (DK)";"MOVISTAR (PE)";"8";"3";"23801"
"2016/12/11 17:00:00";"Ecuador";"MOVISTAR (EC)";"MOVISTAR (PE)";"6537";"1171";"74000"
"2016/12/11 17:00:00";"Ukraine";"ASTELIT (UA)";"MOVISTAR (PE)";"17";"3";"25506"
"2016/12/11 17:00:00";"Colombia";"MOVISTAR (CO)";"MOVISTAR (PE)";"70";"23";"732123"
"2016/12/11 17:00:00";"Palestine";"JAWWAL (PS)";"MOVISTAR (PE)";"1";"1";"42505"
"2016/12/11 17:00:00";"New Zealand";"TELECOM (NZ)";"MOVISTAR (PE)";"16";"4";"53005"
"2016/12/11 17:00:00";"Hongkong, China";"CSL LTD (HK)";"MOVISTAR (PE)";"2";"1";"45400"
"2016/12/11 17:00:00";"Hongkong, China";"CHINA MOBILE (HK)";"MOVISTAR (PE)";"1";"1";"45412"
"2016/12/11 17:00:00";"Slovak Republic";"MOVISTAR SLOVAKIA (SK)";"MOVISTAR (PE)";"5";"2";"23106"
"2016/12/11 17:00:00";"Russian Federation";"MTS (RU)";"MOVISTAR (PE)";"13";"4";"25001"
"2016/12/11 17:00:00";"India (Republic of)";"VEL VODAFONE (MUMBAI) (IN)";"MOVISTAR (PE)";"2";"1";"40420"
"2016/12/11 17:00:00";"India (Republic of)";"BHARTI AIRTEL (Gujarat) (IN)";"MOVISTAR (PE)";"3";"1";"40402"
"2016/12/11 17:00:00";"India (Republic of)";"VECL VODAFONE (MAHARASHTRA GOA) (IN)";"MOVISTAR (PE)";"2";"1";"40427"
"2016/12/11 17:00:00";"Netherlands Antilles";"DIGICEL CURACAO (AN)";"MOVISTAR (PE)";"1";"1";"36269"
"2016/12/11 17:00:00";"Panama (Republic of)";"TELEFONICA PANAMA (PA)";"MOVISTAR (PE)";"34";"14";"714020"
"2016/12/11 17:00:00";"Bolivia (Republic of)";"NUEVATEL (BO)";"MOVISTAR (PE)";"515";"293";"73601"
"2016/12/11 17:00:00";"Bolivia (Republic of)";"MOVIL DE ENTEL (BO)";"MOVISTAR (PE)";"5";"3";"73602"
"2016/12/11 17:00:00";"Hungary (Republic of)";"T-MOBILE (HU)";"MOVISTAR (PE)";"2";"1";"21630"
"2016/12/11 17:00:00";"Paraguay (Republic of)";"PERSONAL (PY)";"MOVISTAR (PE)";"4";"2";"74405"
"2016/12/11 17:00:00";"Netherlands (Kingdom of the)";"VODAFONE (NL)";"MOVISTAR (PE)";"4384";"1275";"20404"
"2016/12/11 17:00:00";"Netherlands (Kingdom of the)";"T-MOBILE NL (NL)";"MOVISTAR (PE)";"53";"20";"20416"
"2016/12/11 17:00:00";"Uruguay (Eastern Republic of)";"MOVISTAR (UY)";"MOVISTAR (PE)";"61";"19";"74807"
"2016/12/11 17:00:00";"Switzerland (Confederation of)";"SUNRISE (CH)";"MOVISTAR (PE)";"36";"14";"22802"
"2016/12/11 17:00:00";"United Kingdom of Great Britain and Northern Ireland";"VODAFONE (GB)";"MOVISTAR (PE)";"29";"14";"23415"
"2016/12/11 17:00:00";"United Kingdom of Great Britain and Northern Ireland";"T-MOBILE UK (GB)";"MOVISTAR (PE)";"10";"4";"23430"
"2016/12/11 17:00:00";"Australia (including Christmas Island and Cocos-Keeling Islands)";"TELSTRA TELECOM (AU)";"MOVISTAR (PE)";"101";"40";"50501"
"2016/12/11 18:00:00";"Chile";"ENTEL PCS (CL)";"MOVISTAR (PE)";"532";"278";"73001"
"2016/12/11 18:00:00";"Italy";"TIM (IT)";"MOVISTAR (PE)";"50";"27";"22201"
"2016/12/11 18:00:00";"Italy";"WIND (IT)";"MOVISTAR (PE)";"62";"38";"22288"
"2016/12/11 18:00:00";"Spain";"VODAFONE (ES)";"MOVISTAR (PE)";"37";"23";"21401"
"2016/12/11 18:00:00";"Spain";"VODAFONE (ES)";"MOVISTAR (PE)";"34";"7";"21406"
"2016/12/11 18:00:00";"Brazil";"VIVO (BR)";"MOVISTAR (PE)";"337";"98";"72410"
"2016/12/11 18:00:00";"Brazil";"VIVO BRATC (BR)";"MOVISTAR (PE)";"50";"13";"72423"
"2016/12/11 18:00:00";"Brazil";"TIM (CENTRO SUL) (BR)";"MOVISTAR (PE)";"8";"3";"72404"
"2016/12/11 18:00:00";"Canada";"TELUS (CA)";"MOVISTAR (PE)";"94";"22";"302220"
"2016/12/11 18:00:00";"Greece";"WIND HELLAS (GR)";"MOVISTAR (PE)";"2";"1";"20210"
"2016/12/11 18:00:00";"Mexico";"NEXTEL (MX)";"MOVISTAR (PE)";"6";"3";"33409"
"2016/12/11 18:00:00";"Mexico";"IUSACELL (MX)";"MOVISTAR (PE)";"1";"1";"334050"
"2016/12/11 18:00:00";"Turkey";"VODAFONE (TR)";"MOVISTAR (PE)";"5";"3";"28602"
"2016/12/11 18:00:00";"Slovak Republic";"MOVISTAR SLOVAKIA (SK)";"MOVISTAR (PE)";"2";"2";"23106"
"2016/12/11 18:00:00";"Qatar (State of)";"QATAR TELECOM (QA)";"MOVISTAR (PE)";"1";"1";"42701"
"2016/12/11 18:00:00";"Argentine Republic";"MOVISTAR (AR)";"MOVISTAR (PE)";"1108";"251";"72207"
"2016/12/11 18:00:00";"India (Republic of)";"BHARTI AIRTEL (Andhra Pradesh) (IN)";"MOVISTAR (PE)";"1";"1";"40497"
"2016/12/11 18:00:00";"Panama (Republic of)";"TELEFONICA PANAMA (PA)";"MOVISTAR (PE)";"54";"18";"714020"
"2016/12/11 18:00:00";"Bolivia (Republic of)";"MOVIL DE ENTEL (BO)";"MOVISTAR (PE)";"6";"4";"73602"
"2016/12/11 18:00:00";"Hungary (Republic of)";"VODAFONE (HU)";"MOVISTAR (PE)";"1";"1";"21670"
"2016/12/11 18:00:00";"Bulgaria (Republic of)";"MOBILTEL (BG)";"MOVISTAR (PE)";"1";"1";"28401"
"2016/12/11 18:00:00";"United States of America";"AT&T MOBILITY (US)";"MOVISTAR (PE)";"52";"16";"310170"
"2016/12/11 18:00:00";"China (People's Republic of)";"CHINA MOBILE (CN)";"MOVISTAR (PE)";"171";"50";"46000"
"2016/12/11 18:00:00";"China (People's Republic of)";"CHINA MOBILE (CN)";"MOVISTAR (PE)";"40";"11";"46002"
"2016/12/11 18:00:00";"Netherlands (Kingdom of the)";"VODAFONE (NL)";"MOVISTAR (PE)";"4330";"1311";"20404"
"2016/12/11 18:00:00";"Germany (Federal Republic of)";"O2 (DE)";"MOVISTAR (PE)";"242";"63";"26207"
"2016/12/11 18:00:00";"Germany (Federal Republic of)";"E-PLUS (DE)";"MOVISTAR (PE)";"77";"30";"26203"
"2016/12/11 18:00:00";"Germany (Federal Republic of)";"TELEKOM (DE)";"MOVISTAR (PE)";"16";"9";"26201"
"2016/12/11 18:00:00";"Philippines (Republic of the)";"SMART (PH)";"MOVISTAR (PE)";"49";"16";"51503"
"2016/12/11 18:00:00";"Switzerland (Confederation of)";"SUNRISE (CH)";"MOVISTAR (PE)";"26";"9";"22802"
"2016/12/11 18:00:00";"United Kingdom of Great Britain and Northern Ireland";"H3G (GB)";"MOVISTAR (PE)";"15";"10";"23420"
"2016/12/11 18:00:00";"United Kingdom of Great Britain and Northern Ireland";"T-MOBILE UK (GB)";"MOVISTAR (PE)";"9";"5";"23430"
"2016/12/11 18:00:00";"Australia (including Christmas Island and Cocos-Keeling Islands)";"OPTUS (AU)";"MOVISTAR (PE)";"12";"7";"50502"
"2016/12/11 18:00:00";"Australia (including Christmas Island and Cocos-Keeling Islands)";"TELSTRA TELECOM (AU)";"MOVISTAR (PE)";"64";"23";"50501"
"2016/12/11 17:00:00";"Chile";"ENTEL PCS (CL)";"MOVISTAR (PE)";"677";"342";"73001"
"2016/12/11 17:00:00";"Chile";"TELEFONICA (CL)";"MOVISTAR (PE)";"2601";"781";"73002"
"2016/12/11 17:00:00";"Chile";"TELEFONICA (CL)";"MOVISTAR (PE)";"2";"2";"73007"
"2016/12/11 17:00:00";"Italy";"WIND (IT)";"MOVISTAR (PE)";"53";"35";"22288"
"2016/12/11 17:00:00";"Italy";"VODAFONE (IT)";"MOVISTAR (PE)";"37";"18";"22210"
"2016/12/11 17:00:00";"Japan";"DOCOMO (JP)";"MOVISTAR (PE)";"44";"21";"44010"
"2016/12/11 17:00:00";"Spain";"ORANGE (ES)";"MOVISTAR (PE)";"69";"42";"21403"
"2016/12/11 17:00:00";"Spain";"MOVISTAR (ES)";"MOVISTAR (PE)";"42966";"12696";"21407"
"2016/12/11 17:00:00";"Spain";"VODAFONE (ES)";"MOVISTAR (PE)";"9";"5";"21406"
"2016/12/11 17:00:00";"Jersey";"JERSEY TELECOMS (JE)";"MOVISTAR (PE)";"17";"7";"23450"
"2016/12/11 17:00:00";"Mexico";"IUSACELL (MX)";"MOVISTAR (PE)";"2";"2";"334050"
"2016/12/11 17:00:00";"Austria";"T-MOBILE (AT)";"MOVISTAR (PE)";"1";"1";"23207"
"2016/12/11 17:00:00";"Austria";"H3G AUSTRIA (AT)";"MOVISTAR (PE)";"12";"3";"23210"
"2016/12/11 17:00:00";"Belgium";"BASE (BE)";"MOVISTAR (PE)";"17";"5";"20620"
"2016/12/11 17:00:00";"Denmark";"SONOFON (DK)";"MOVISTAR (PE)";"7";"3";"23802"
"2016/12/11 17:00:00";"Colombia";"COMCEL (CO)";"MOVISTAR (PE)";"11";"7";"732101"
"2016/12/11 17:00:00";"Thailand";"TRUE MOVE - REAL FUTURE (TH)";"MOVISTAR (PE)";"9";"2";"52000"
"2016/12/11 17:00:00";"Nicaragua";"TELEFONICA DE NICARAGUA (NI)";"MOVISTAR (PE)";"23";"7";"710300"
"2016/12/11 17:00:00";"Czech Republic";"VODAFONE (CZ)";"MOVISTAR (PE)";"8";"3";"23003"
"2016/12/11 17:00:00";"Hongkong, China";"HUTCHISON (HK)";"MOVISTAR (PE)";"1";"1";"45403"
"2016/12/11 17:00:00";"Israel (State of)";"CELLCOM (IL)";"MOVISTAR (PE)";"2";"2";"42502"
"2016/12/11 17:00:00";"Israel (State of)";"PELEPHONE (IL)";"MOVISTAR (PE)";"3";"2";"42503"
"2016/12/11 17:00:00";"Argentine Republic";"MOVISTAR (AR)";"MOVISTAR (PE)";"1095";"294";"72207"
"2016/12/11 17:00:00";"Dominican Republic";"ORANGE (DO)";"MOVISTAR (PE)";"3";"3";"37001"
"2016/12/11 17:00:00";"India (Republic of)";"AIRCEL DIGILINK (UP East) (IN)";"MOVISTAR (PE)";"2";"1";"40494"
"2016/12/11 17:00:00";"Korea (Republic of)";"SK TELECOM (KR)";"MOVISTAR (PE)";"1";"1";"45005"
"2016/12/11 17:00:00";"United Arab Emirates";"ETISALAT (AE)";"MOVISTAR (PE)";"1";"1";"42402"
"2016/12/11 17:00:00";"Guatemala (Republic of)";"COMCEL - TIGO (GT)";"MOVISTAR (PE)";"3";"2";"70402"
"2016/12/11 17:00:00";"United States of America";"AT&T MOBILITY (US)";"MOVISTAR (PE)";"1";"1";"310380"
"2016/12/11 17:00:00";"United States of America";"AT&T MOBILITY (US)";"MOVISTAR (PE)";"228";"95";"310410"
"2016/12/11 17:00:00";"China (People's Republic of)";"CHINA MOBILE (CN)";"MOVISTAR (PE)";"58";"12";"46002"
"2016/12/11 17:00:00";"China (People's Republic of)";"CHINA MOBILE (CN)";"MOVISTAR (PE)";"2";"1";"46007"
"2016/12/11 17:00:00";"Germany (Federal Republic of)";"O2 (DE)";"MOVISTAR (PE)";"247";"59";"26207"
"2016/12/11 17:00:00";"Germany (Federal Republic of)";"E-PLUS (DE)";"MOVISTAR (PE)";"97";"38";"26203"
"2016/12/11 17:00:00";"United Kingdom of Great Britain and Northern Ireland";"O2 (GB)";"MOVISTAR (PE)";"253";"76";"23410"
"2016/12/11 17:00:00";"United Kingdom of Great Britain and Northern Ireland";"H3G (GB)";"MOVISTAR (PE)";"7";"4";"23420"
"2016/12/11 17:00:00";"United Kingdom of Great Britain and Northern Ireland";"ORANGE (GB)";"MOVISTAR (PE)";"4";"3";"23433"
"2016/12/11 17:00:00";"Australia (including Christmas Island and Cocos-Keeling Islands)";"OPTUS (AU)";"MOVISTAR (PE)";"14";"9";"50502"
"2016/12/11 18:00:00";"Italy";"H3G (IT)";"MOVISTAR (PE)";"34";"9";"22299"
"2016/12/11 18:00:00";"Brazil";"VIVO (BR)";"MOVISTAR (PE)";"265";"110";"72411"
"2016/12/11 18:00:00";"France";"SFR (FR)";"MOVISTAR (PE)";"75";"34";"20810"
"2016/12/11 18:00:00";"Mexico";"TELEFONICA MOVILES (MX)";"MOVISTAR (PE)";"149";"44";"334030"
"2016/12/11 18:00:00";"Norway";"TELENOR (NO)";"MOVISTAR (PE)";"1";"1";"24201"
"2016/12/11 18:00:00";"Austria";"T-MOBILE (AT)";"MOVISTAR (PE)";"1";"1";"23203"
"2016/12/11 18:00:00";"Belgium";"BASE (BE)";"MOVISTAR (PE)";"16";"7";"20620"
"2016/12/11 18:00:00";"Belgium";"MOBISTAR (BE)";"MOVISTAR (PE)";"50";"23";"20610"
"2016/12/11 18:00:00";"Ecuador";"MOVISTAR (EC)";"MOVISTAR (PE)";"6035";"1101";"74000"
"2016/12/11 18:00:00";"Jamaica";"DIGICEL (JM)";"MOVISTAR (PE)";"4";"2";"338050"
"2016/12/11 18:00:00";"Portugal";"TMN (PT)";"MOVISTAR (PE)";"15";"9";"26806"
"2016/12/11 18:00:00";"Thailand";"TRUE MOVE - REAL FUTURE (TH)";"MOVISTAR (PE)";"2";"2";"52000"
"2016/12/11 18:00:00";"Nicaragua";"TELEFONICA DE NICARAGUA (NI)";"MOVISTAR (PE)";"21";"7";"710300"
"2016/12/11 18:00:00";"Costa Rica";"MOVISTAR (CR)";"MOVISTAR (PE)";"60";"6";"71204"
"2016/12/11 18:00:00";"New Zealand";"VODAFONE (NZ)";"MOVISTAR (PE)";"6";"3";"53001"
"2016/12/11 18:00:00";"Israel (State of)";"ORANGE (IL)";"MOVISTAR (PE)";"99";"9";"42501"
"2016/12/11 18:00:00";"Dominican Republic";"ORANGE (DO)";"MOVISTAR (PE)";"3";"1";"37001"
"2016/12/11 18:00:00";"Russian Federation";"MEGAFON (RU)";"MOVISTAR (PE)";"14";"5";"25002"
"2016/12/11 18:00:00";"India (Republic of)";"VEL VODAFONE (MUMBAI) (IN)";"MOVISTAR (PE)";"1";"1";"40420"
"2016/12/11 18:00:00";"India (Republic of)";"BHARTI AIRTEL (Gujarat) (IN)";"MOVISTAR (PE)";"1";"1";"40402"
"2016/12/11 18:00:00";"Korea (Republic of)";"LG UPLUS (KR)";"MOVISTAR (PE)";"26";"3";"45006"
"2016/12/11 18:00:00";"Netherlands Antilles";"DIGICEL CURACAO (AN)";"MOVISTAR (PE)";"1";"1";"36269"
"2016/12/11 18:00:00";"Poland (Republic of)";"P4 (PL)";"MOVISTAR (PE)";"3";"2";"26006"
"2016/12/11 18:00:00";"United Arab Emirates";"ETISALAT (AE)";"MOVISTAR (PE)";"1";"1";"42402"
"2016/12/11 18:00:00";"Guatemala (Republic of)";"TELEFONICA GUATEMALA (GT)";"MOVISTAR (PE)";"45";"4";"70403"
"2016/12/11 18:00:00";"El Salvador (Republic of)";"MOVISTAR (SV)";"MOVISTAR (PE)";"4";"1";"70604"
"2016/12/11 18:00:00";"South Africa (Republic of)";"VODACOM (ZA)";"MOVISTAR (PE)";"1";"1";"65501"
"2016/12/11 18:00:00";"Uruguay (Eastern Republic of)";"ANTEL (UY)";"MOVISTAR (PE)";"1";"1";"74801"
"2016/12/11 18:00:00";"Uruguay (Eastern Republic of)";"MOVISTAR (UY)";"MOVISTAR (PE)";"86";"19";"74807"
"2016/12/11 17:00:00";"Italy";"H3G (IT)";"MOVISTAR (PE)";"37";"9";"22299"
"2016/12/11 17:00:00";"Italy";"TIM (IT)";"MOVISTAR (PE)";"20";"18";"22201"
"2016/12/11 17:00:00";"Spain";"MOVISTAR (ES)";"MOVISTAR (PE)";"18";"4";"21405"
"2016/12/11 17:00:00";"Brazil";"VIVO (BR)";"MOVISTAR (PE)";"522";"169";"72406"
"2016/12/11 17:00:00";"Brazil";"VIVO (BR)";"MOVISTAR (PE)";"377";"109";"72410"
"2016/12/11 17:00:00";"Brazil";"VIVO BRATC (BR)";"MOVISTAR (PE)";"34";"15";"72423"
"2016/12/11 17:00:00";"France";"SFR (FR)";"MOVISTAR (PE)";"70";"32";"20810"
"2016/12/11 17:00:00";"France";"ORANGE F (FR)";"MOVISTAR (PE)";"352";"152";"20801"
"2016/12/11 17:00:00";"Mexico";"TELCEL (MX)";"MOVISTAR (PE)";"5";"4";"33402"
"2016/12/11 17:00:00";"Sweden";"TELENOR (SE)";"MOVISTAR (PE)";"85";"63";"24008"
"2016/12/11 17:00:00";"Austria";"T-MOBILE (AT)";"MOVISTAR (PE)";"2";"2";"23203"
"2016/12/11 17:00:00";"Austria";"H3G AUSTRIA (AT)";"MOVISTAR (PE)";"2";"2";"23205"
"2016/12/11 17:00:00";"Ecuador";"CONECEL (EC)";"MOVISTAR (PE)";"21";"19";"74001"
"2016/12/11 17:00:00";"Finland";"DNA FINLAND (FI)";"MOVISTAR (PE)";"1";"1";"24412"
"2016/12/11 17:00:00";"Ireland";"O2 (IE)";"MOVISTAR (PE)";"1";"1";"27202"
"2016/12/11 17:00:00";"Venezuela";"MOVISTAR (VE)";"MOVISTAR (PE)";"5";"4";"73404"
"2016/12/11 17:00:00";"Czech Republic";"O2 (CZ)";"MOVISTAR (PE)";"2";"1";"23002"
"2016/12/11 17:00:00";"Czech Republic";"RADIOMOBIL T-MOBILE (CZ)";"MOVISTAR (PE)";"16";"7";"23001"
"2016/12/11 17:00:00";"Hongkong, China";"SMARTONE (HK)";"MOVISTAR (PE)";"1";"1";"45406"
"2016/12/11 17:00:00";"Israel (State of)";"ORANGE (IL)";"MOVISTAR (PE)";"30";"9";"42501"
"2016/12/11 17:00:00";"Argentine Republic";"PERSONAL (AR)";"MOVISTAR (PE)";"804";"225";"72234"
"2016/12/11 17:00:00";"Russian Federation";"MEGAFON (RU)";"MOVISTAR (PE)";"12";"5";"25002"
"2016/12/11 17:00:00";"India (Republic of)";"AIRCEL (WEST BENGAL) (IN)";"MOVISTAR (PE)";"4";"1";"40492"
"2016/12/11 17:00:00";"India (Republic of)";"BHARTI AIRTEL (Madhya Pradesh) (IN)";"MOVISTAR (PE)";"1";"1";"40424"
"2016/12/11 17:00:00";"Korea (Republic of)";"LG UPLUS (KR)";"MOVISTAR (PE)";"15";"1";"45006"
"2016/12/11 17:00:00";"Poland (Republic of)";"T-MOBILE (PL)";"MOVISTAR (PE)";"1";"1";"26002"
"2016/12/11 17:00:00";"Estonia (Republic of)";"EMT (EE)";"MOVISTAR (PE)";"2";"1";"24801"
"2016/12/11 17:00:00";"Hungary (Republic of)";"VODAFONE (HU)";"MOVISTAR (PE)";"3";"1";"21670"
"2016/12/11 17:00:00";"Bulgaria (Republic of)";"MOBILTEL (BG)";"MOVISTAR (PE)";"1";"1";"28401"
"2016/12/11 17:00:00";"United States of America";"SPRINT PCS (US)";"MOVISTAR (PE)";"435";"178";"310120"
"2016/12/11 17:00:00";"El Salvador (Republic of)";"MOVISTAR (SV)";"MOVISTAR (PE)";"4";"1";"70604"
"2016/12/11 17:00:00";"South Africa (Republic of)";"VODACOM (ZA)";"MOVISTAR (PE)";"1";"1";"65501"
"2016/12/11 17:00:00";"China (People's Republic of)";"CHINA MOBILE (CN)";"MOVISTAR (PE)";"129";"43";"46000"
"2016/12/11 17:00:00";"Netherlands (Kingdom of the)";"KPN (NL)";"MOVISTAR (PE)";"17";"17";"20408"
"2016/12/11 17:00:00";"Germany (Federal Republic of)";"TELEKOM (DE)";"MOVISTAR (PE)";"22";"12";"26201"
"2016/12/11 17:00:00";"Philippines (Republic of the)";"SMART (PH)";"MOVISTAR (PE)";"61";"21";"51503"
"2016/12/11 17:00:00";"Macedonia (The Former Yugoslav Republic of)";"VIP OPERATOR (MK)";"MOVISTAR (PE)";"1";"1";"29403"
"2016/12/11 18:00:00";"Japan";"DOCOMO (JP)";"MOVISTAR (PE)";"41";"14";"44010"
"2016/12/11 18:00:00";"Spain";"ORANGE (ES)";"MOVISTAR (PE)";"49";"34";"21403"
"2016/12/11 18:00:00";"Spain";"MOVISTAR (ES)";"MOVISTAR (PE)";"5";"3";"21405"
"2016/12/11 18:00:00";"Spain";"MOVISTAR (ES)";"MOVISTAR (PE)";"43666";"12551";"21407"
"2016/12/11 18:00:00";"Brazil";"VIVO (BR)";"MOVISTAR (PE)";"366";"145";"72406"
"2016/12/11 18:00:00";"Brazil";"TIM (RIO NORTE) (BR)";"MOVISTAR (PE)";"7";"5";"72402"
"2016/12/11 18:00:00";"Canada";"VIDEOTRON (CA)";"MOVISTAR (PE)";"1";"1";"302500"
"2016/12/11 18:00:00";"Canada";"BELL MOBILITY (CA)";"MOVISTAR (PE)";"35";"18";"302610"
"2016/12/11 18:00:00";"Canada";"ROGERS WIRELESS (CA)";"MOVISTAR (PE)";"28";"16";"302720"
"2016/12/11 18:00:00";"Canada";"SASKATCHEWAN TELECOMMUNICATIONS (CA)";"MOVISTAR (PE)";"1";"1";"302780"
"2016/12/11 18:00:00";"France";"SFR (FR)";"MOVISTAR (PE)";"2";"1";"20809"
"2016/12/11 18:00:00";"Jersey";"JERSEY TELECOMS (JE)";"MOVISTAR (PE)";"13";"4";"23450"
"2016/12/11 18:00:00";"Mexico";"TELCEL (MX)";"MOVISTAR (PE)";"2";"2";"33402"
"2016/12/11 18:00:00";"Austria";"H3G AUSTRIA (AT)";"MOVISTAR (PE)";"5";"3";"23205"
"2016/12/11 18:00:00";"Austria";"H3G AUSTRIA (AT)";"MOVISTAR (PE)";"11";"3";"23210"
"2016/12/11 18:00:00";"Belgium";"PROXIMUS (BE)";"MOVISTAR (PE)";"61";"30";"20601"
"2016/12/11 18:00:00";"Finland";"DNA FINLAND (FI)";"MOVISTAR (PE)";"4";"2";"24412"
"2016/12/11 18:00:00";"Colombia";"MOVISTAR (CO)";"MOVISTAR (PE)";"61";"19";"732123"
"2016/12/11 18:00:00";"Colombia";"OLA - TIGO (CO)";"MOVISTAR (PE)";"198";"81";"732111"
"2016/12/11 18:00:00";"Venezuela";"MOVISTAR (VE)";"MOVISTAR (PE)";"6";"4";"73404"
"2016/12/11 18:00:00";"Hongkong, China";"HUTCHISON (HK)";"MOVISTAR (PE)";"10";"1";"45404"
"2016/12/11 18:00:00";"Argentine Republic";"PERSONAL (AR)";"MOVISTAR (PE)";"786";"208";"72234"
"2016/12/11 18:00:00";"India (Republic of)";"BHARTI AIRTEL (Punjab) (IN)";"MOVISTAR (PE)";"2";"1";"40422"
"2016/12/11 18:00:00";"India (Republic of)";"VEMSL VODAFONE  (DELHI) (IN)";"MOVISTAR (PE)";"1";"1";"40411"
"2016/12/11 18:00:00";"India (Republic of)";"VECL VODAFONE (MAHARASHTRA GOA) (IN)";"MOVISTAR (PE)";"3";"2";"40427"
"2016/12/11 18:00:00";"Korea (Republic of)";"SK TELECOM (KR)";"MOVISTAR (PE)";"1";"1";"45005"
"2016/12/11 18:00:00";"Bolivia (Republic of)";"NUEVATEL (BO)";"MOVISTAR (PE)";"399";"248";"73601"
"2016/12/11 18:00:00";"Hungary (Republic of)";"T-MOBILE (HU)";"MOVISTAR (PE)";"2";"2";"21630"
"2016/12/11 18:00:00";"Paraguay (Republic of)";"PERSONAL (PY)";"MOVISTAR (PE)";"13";"4";"74405"
"2016/12/11 18:00:00";"United States of America";"SPRINT PCS (US)";"MOVISTAR (PE)";"544";"193";"310120"
"2016/12/11 18:00:00";"United States of America";"AT&T MOBILITY (US)";"MOVISTAR (PE)";"2";"1";"310380"
"2016/12/11 18:00:00";"United States of America";"AT&T MOBILITY (US)";"MOVISTAR (PE)";"255";"97";"310410"
"2016/12/11 18:00:00";"Netherlands (Kingdom of the)";"TELFORT (NL)";"MOVISTAR (PE)";"1";"1";"20412"
"2016/12/11 18:00:00";"United Kingdom of Great Britain and Northern Ireland";"O2 (GB)";"MOVISTAR (PE)";"211";"67";"23410"
"2016/12/11 18:00:00";"United Kingdom of Great Britain and Northern Ireland";"ORANGE (GB)";"MOVISTAR (PE)";"2";"2";"23433"
"2016/12/11 18:00:00";"United Kingdom of Great Britain and Northern Ireland";"VODAFONE (GB)";"MOVISTAR (PE)";"32";"18";"23415"
